日付,曜日,ごみの種類
2026-10-01,木,燃やせるごみ
2026-10-02,金,ビン・カン・スプレー缶
2026-10-03,土,ペットボトル
2026-10-05,月,燃やせるごみ
2026-10-06,火,剪定枝、容器包装プラスチック
2026-10-07,水,古紙・古着
2026-10-08,木,燃やせるごみ
2026-10-09,金,ビン・カン・スプレー缶、有害ごみ（電池・充電式小型家電）
2026-10-10,土,燃やせないごみ
2026-10-12,月,燃やせるごみ
2026-10-13,火,容器包装プラスチック
2026-10-14,水,古紙・古着
2026-10-15,木,燃やせるごみ
2026-10-16,金,ビン・カン・スプレー缶
2026-10-17,土,ペットボトル
2026-10-19,月,燃やせるごみ
2026-10-20,火,剪定枝、容器包装プラスチック
2026-10-21,水,古紙・古着
2026-10-22,木,燃やせるごみ
2026-10-23,金,ビン・カン・スプレー缶、有害ごみ（蛍光管・水銀体温計・ライター）
2026-10-24,土,燃やせないごみ
2026-10-26,月,燃やせるごみ
2026-10-27,火,容器包装プラスチック
2026-10-28,水,古紙・古着
2026-10-29,木,燃やせるごみ
2026-10-30,金,ビン・カン・スプレー缶
2026-10-31,土,ペットボトル
2026-11-02,月,燃やせるごみ
2026-11-03,火,剪定枝、容器包装プラスチック
2026-11-04,水,古紙・古着
2026-11-05,木,燃やせるごみ
2026-11-06,金,ビン・カン・スプレー缶
2026-11-07,土,燃やせないごみ
2026-11-09,月,燃やせるごみ
2026-11-10,火,容器包装プラスチック
2026-11-11,水,古紙・古着
2026-11-12,木,燃やせるごみ
2026-11-13,金,ビン・カン・スプレー缶、有害ごみ（電池・充電式小型家電）
2026-11-14,土,ペットボトル
2026-11-16,月,燃やせるごみ
2026-11-17,火,剪定枝、容器包装プラスチック
2026-11-18,水,古紙・古着
2026-11-19,木,燃やせるごみ
2026-11-20,金,ビン・カン・スプレー缶
2026-11-21,土,燃やせないごみ
2026-11-23,月,燃やせるごみ
2026-11-24,火,容器包装プラスチック
2026-11-25,水,古紙・古着
2026-11-26,木,燃やせるごみ
2026-11-27,金,ビン・カン・スプレー缶、有害ごみ（蛍光管・水銀体温計・ライター）
2026-11-28,土,ペットボトル
2026-11-30,月,燃やせるごみ
2026-12-01,火,剪定枝、容器包装プラスチック
2026-12-02,水,古紙・古着
2026-12-03,木,燃やせるごみ
2026-12-04,金,ビン・カン・スプレー缶
2026-12-05,土,燃やせないごみ
2026-12-07,月,燃やせるごみ
2026-12-08,火,容器包装プラスチック
2026-12-09,水,古紙・古着
2026-12-10,木,燃やせるごみ
2026-12-11,金,ビン・カン・スプレー缶、有害ごみ（電池・充電式小型家電）
2026-12-12,土,ペットボトル
2026-12-14,月,燃やせるごみ
2026-12-15,火,剪定枝、容器包装プラスチック
2026-12-16,水,古紙・古着
2026-12-17,木,燃やせるごみ
2026-12-18,金,ビン・カン・スプレー缶
2026-12-19,土,燃やせないごみ
2026-12-21,月,燃やせるごみ
2026-12-22,火,容器包装プラスチック
2026-12-23,水,古紙・古着
2026-12-24,木,燃やせるごみ
2026-12-25,金,ビン・カン・スプレー缶、有害ごみ（蛍光管・水銀体温計・ライター）
2026-12-26,土,ペットボトル
2026-12-28,月,燃やせるごみ
2026-12-29,火,容器包装プラスチック
2026-12-30,水,古紙・古着
2026-12-31,木,燃やせるごみ
2027-01-01,金,ビン・カン・スプレー缶
2027-01-04,月,燃やせるごみ
2027-01-05,火,剪定枝、容器包装プラスチック
2027-01-06,水,古紙・古着
2027-01-07,木,燃やせるごみ
2027-01-08,金,ビン・カン・スプレー缶、有害ごみ（電池・充電式小型家電）
2027-01-09,土,燃やせないごみ
2027-01-11,月,燃やせるごみ
2027-01-12,火,容器包装プラスチック
2027-01-13,水,古紙・古着
2027-01-14,木,燃やせるごみ
2027-01-15,金,ビン・カン・スプレー缶
2027-01-16,土,ペットボトル
2027-01-18,月,燃やせるごみ
2027-01-19,火,剪定枝、容器包装プラスチック
2027-01-20,水,古紙・古着
2027-01-21,木,燃やせるごみ
2027-01-22,金,ビン・カン・スプレー缶、有害ごみ（蛍光管・水銀体温計・ライター）
2027-01-23,土,燃やせないごみ
2027-01-25,月,燃やせるごみ
2027-01-26,火,容器包装プラスチック
2027-01-27,水,古紙・古着
2027-01-28,木,燃やせるごみ
2027-01-29,金,ビン・カン・スプレー缶
2027-01-30,土,ペットボトル
2027-02-01,月,燃やせるごみ
2027-02-02,火,剪定枝、容器包装プラスチック
2027-02-03,水,古紙・古着
2027-02-04,木,燃やせるごみ
2027-02-05,金,ビン・カン・スプレー缶
2027-02-06,土,燃やせないごみ
2027-02-08,月,燃やせるごみ
2027-02-09,火,容器包装プラスチック
2027-02-10,水,古紙・古着
2027-02-11,木,燃やせるごみ
2027-02-12,金,ビン・カン・スプレー缶、有害ごみ（電池・充電式小型家電）
2027-02-13,土,ペットボトル
2027-02-15,月,燃やせるごみ
2027-02-16,火,剪定枝、容器包装プラスチック
2027-02-17,水,古紙・古着
2027-02-18,木,燃やせるごみ
2027-02-19,金,ビン・カン・スプレー缶
2027-02-20,土,燃やせないごみ
2027-02-22,月,燃やせるごみ
2027-02-23,火,容器包装プラスチック
2027-02-24,水,古紙・古着
2027-02-25,木,燃やせるごみ
2027-02-26,金,ビン・カン・スプレー缶、有害ごみ（蛍光管・水銀体温計・ライター）
2027-02-27,土,ペットボトル
2027-03-01,月,燃やせるごみ
2027-03-02,火,剪定枝、容器包装プラスチック
2027-03-03,水,古紙・古着
2027-03-04,木,燃やせるごみ
2027-03-05,金,ビン・カン・スプレー缶
2027-03-06,土,燃やせないごみ
2027-03-08,月,燃やせるごみ
2027-03-09,火,容器包装プラスチック
2027-03-10,水,古紙・古着
2027-03-11,木,燃やせるごみ
2027-03-12,金,ビン・カン・スプレー缶、有害ごみ（電池・充電式小型家電）
2027-03-13,土,ペットボトル
2027-03-15,月,燃やせるごみ
2027-03-16,火,剪定枝、容器包装プラスチック
2027-03-17,水,古紙・古着
2027-03-18,木,燃やせるごみ
2027-03-19,金,ビン・カン・スプレー缶
2027-03-20,土,燃やせないごみ
2027-03-22,月,燃やせるごみ
2027-03-23,火,容器包装プラスチック
2027-03-24,水,古紙・古着
2027-03-25,木,燃やせるごみ
2027-03-26,金,ビン・カン・スプレー缶、有害ごみ（蛍光管・水銀体温計・ライター）
2027-03-27,土,ペットボトル
2027-03-29,月,燃やせるごみ
2027-03-30,火,容器包装プラスチック
2027-03-31,水,古紙・古着
2027-04-01,木,燃やせるごみ
2027-04-02,金,ビン・カン・スプレー缶
2027-04-03,土,燃やせないごみ
2027-04-05,月,燃やせるごみ
2027-04-06,火,剪定枝、容器包装プラスチック
2027-04-07,水,古紙・古着
2027-04-08,木,燃やせるごみ
2027-04-09,金,ビン・カン・スプレー缶、有害ごみ（電池・充電式小型家電）
2027-04-10,土,ペットボトル
2027-04-12,月,燃やせるごみ
2027-04-13,火,容器包装プラスチック
2027-04-14,水,古紙・古着
2027-04-15,木,燃やせるごみ
2027-04-16,金,ビン・カン・スプレー缶
2027-04-17,土,燃やせないごみ
2027-04-19,月,燃やせるごみ
2027-04-20,火,剪定枝、容器包装プラスチック
2027-04-21,水,古紙・古着
2027-04-22,木,燃やせるごみ
2027-04-23,金,ビン・カン・スプレー缶、有害ごみ（蛍光管・水銀体温計・ライター）
2027-04-24,土,ペットボトル
2027-04-26,月,燃やせるごみ
2027-04-27,火,容器包装プラスチック
2027-04-28,水,古紙・古着
2027-04-29,木,燃やせるごみ
2027-04-30,金,ビン・カン・スプレー缶
2027-05-01,土,燃やせないごみ
2027-05-03,月,燃やせるごみ
2027-05-04,火,剪定枝、容器包装プラスチック
2027-05-05,水,古紙・古着
2027-05-06,木,燃やせるごみ
2027-05-07,金,ビン・カン・スプレー缶
2027-05-08,土,ペットボトル
2027-05-10,月,燃やせるごみ
2027-05-11,火,容器包装プラスチック
2027-05-12,水,古紙・古着
2027-05-13,木,燃やせるごみ
2027-05-14,金,ビン・カン・スプレー缶、有害ごみ（電池・充電式小型家電）
2027-05-15,土,燃やせないごみ
2027-05-17,月,燃やせるごみ
2027-05-18,火,剪定枝、容器包装プラスチック
2027-05-19,水,古紙・古着
2027-05-20,木,燃やせるごみ
2027-05-21,金,ビン・カン・スプレー缶
2027-05-22,土,ペットボトル
2027-05-24,月,燃やせるごみ
2027-05-25,火,容器包装プラスチック
2027-05-26,水,古紙・古着
2027-05-27,木,燃やせるごみ
2027-05-28,金,ビン・カン・スプレー缶、有害ごみ（蛍光管・水銀体温計・ライター）
2027-05-29,土,燃やせないごみ
2027-05-31,月,燃やせるごみ
2027-06-01,火,剪定枝、容器包装プラスチック
2027-06-02,水,古紙・古着
2027-06-03,木,燃やせるごみ
2027-06-04,金,ビン・カン・スプレー缶
2027-06-05,土,ペットボトル
2027-06-07,月,燃やせるごみ
2027-06-08,火,容器包装プラスチック
2027-06-09,水,古紙・古着
2027-06-10,木,燃やせるごみ
2027-06-11,金,ビン・カン・スプレー缶、有害ごみ（電池・充電式小型家電）
2027-06-12,土,燃やせないごみ
2027-06-14,月,燃やせるごみ
2027-06-15,火,剪定枝、容器包装プラスチック
2027-06-16,水,古紙・古着
2027-06-17,木,燃やせるごみ
2027-06-18,金,ビン・カン・スプレー缶
2027-06-19,土,ペットボトル
2027-06-21,月,燃やせるごみ
2027-06-22,火,容器包装プラスチック
2027-06-23,水,古紙・古着
2027-06-24,木,燃やせるごみ
2027-06-25,金,ビン・カン・スプレー缶、有害ごみ（蛍光管・水銀体温計・ライター）
2027-06-26,土,燃やせないごみ
2027-06-28,月,燃やせるごみ
2027-06-29,火,容器包装プラスチック
2027-06-30,水,古紙・古着
2027-07-01,木,燃やせるごみ
2027-07-02,金,ビン・カン・スプレー缶
2027-07-03,土,ペットボトル
2027-07-05,月,燃やせるごみ
2027-07-06,火,剪定枝、容器包装プラスチック
2027-07-07,水,古紙・古着
2027-07-08,木,燃やせるごみ
2027-07-09,金,ビン・カン・スプレー缶、有害ごみ（電池・充電式小型家電）
2027-07-10,土,燃やせないごみ
2027-07-12,月,燃やせるごみ
2027-07-13,火,容器包装プラスチック
2027-07-14,水,古紙・古着
2027-07-15,木,燃やせるごみ
2027-07-16,金,ビン・カン・スプレー缶
2027-07-17,土,ペットボトル
2027-07-19,月,燃やせるごみ
2027-07-20,火,剪定枝、容器包装プラスチック
2027-07-21,水,古紙・古着
2027-07-22,木,燃やせるごみ
2027-07-23,金,ビン・カン・スプレー缶、有害ごみ（蛍光管・水銀体温計・ライター）
2027-07-24,土,燃やせないごみ
2027-07-26,月,燃やせるごみ
2027-07-27,火,容器包装プラスチック
2027-07-28,水,古紙・古着
2027-07-29,木,燃やせるごみ
2027-07-30,金,ビン・カン・スプレー缶
2027-07-31,土,ペットボトル
2027-08-02,月,燃やせるごみ
2027-08-03,火,剪定枝、容器包装プラスチック
2027-08-04,水,古紙・古着
2027-08-05,木,燃やせるごみ
2027-08-06,金,ビン・カン・スプレー缶
2027-08-07,土,燃やせないごみ
2027-08-09,月,燃やせるごみ
2027-08-10,火,容器包装プラスチック
2027-08-11,水,古紙・古着
2027-08-12,木,燃やせるごみ
2027-08-13,金,ビン・カン・スプレー缶、有害ごみ（電池・充電式小型家電）
2027-08-14,土,ペットボトル
2027-08-16,月,燃やせるごみ
2027-08-17,火,剪定枝、容器包装プラスチック
2027-08-18,水,古紙・古着
2027-08-19,木,燃やせるごみ
2027-08-20,金,ビン・カン・スプレー缶
2027-08-21,土,燃やせないごみ
2027-08-23,月,燃やせるごみ
2027-08-24,火,容器包装プラスチック
2027-08-25,水,古紙・古着
2027-08-26,木,燃やせるごみ
2027-08-27,金,ビン・カン・スプレー缶、有害ごみ（蛍光管・水銀体温計・ライター）
2027-08-28,土,ペットボトル
2027-08-30,月,燃やせるごみ
2027-08-31,火,容器包装プラスチック
2027-09-01,水,古紙・古着
2027-09-02,木,燃やせるごみ
2027-09-03,金,ビン・カン・スプレー缶
2027-09-04,土,燃やせないごみ
2027-09-06,月,燃やせるごみ
2027-09-07,火,剪定枝、容器包装プラスチック
2027-09-08,水,古紙・古着
2027-09-09,木,燃やせるごみ
2027-09-10,金,ビン・カン・スプレー缶、有害ごみ（電池・充電式小型家電）
2027-09-11,土,ペットボトル
2027-09-13,月,燃やせるごみ
2027-09-14,火,容器包装プラスチック
2027-09-15,水,古紙・古着
2027-09-16,木,燃やせるごみ
2027-09-17,金,ビン・カン・スプレー缶
2027-09-18,土,燃やせないごみ
2027-09-20,月,燃やせるごみ
2027-09-21,火,剪定枝、容器包装プラスチック
2027-09-22,水,古紙・古着
2027-09-23,木,燃やせるごみ
2027-09-24,金,ビン・カン・スプレー缶、有害ごみ（蛍光管・水銀体温計・ライター）
2027-09-25,土,ペットボトル
2027-09-27,月,燃やせるごみ
2027-09-28,火,容器包装プラスチック
2027-09-29,水,古紙・古着
2027-09-30,木,燃やせるごみ
